candidate_id,name,parent_place,phone,address,lat,lng,center_role,type,coverage_scope,detail_location,operating_hours,handoff_available,inquiry_available,website,source_type,source_url,verification_status,confidence_score,notes
kakao_172568531,숭실대학교 장애학생지원센터,숭실대학교,,서울 동작구 상도로 369,37.4968811165717,126.957913187043,,,,,,,,http://place.map.kakao.com/172568531,kakao_local_api,https://developers.kakao.com/docs/en/local/dev-guide,auto_collected,,"source_query=숭실대학교 학생지원센터; category=사회,공공기관 > 단체,협회 > 사회복지시설 > 장애인복지시설"
kakao_26467170,숭실대학교 중앙도서관,숭실대학교,02-820-0734,서울 동작구 상도로 369,37.4962614738396,126.958620309629,,,,,,,,http://place.map.kakao.com/26467170,kakao_local_api,https://developers.kakao.com/docs/en/local/dev-guide,auto_collected,,"source_query=숭실대학교 중앙도서관; category=교육,학문 > 학습시설 > 도서관"
kakao_10797399,중앙대학교 서울캠퍼스 중앙도서관,숭실대학교,02-820-6180,서울 동작구 흑석로 84,37.5047847636142,126.957977739725,,,,,,,,http://place.map.kakao.com/10797399,kakao_local_api,https://developers.kakao.com/docs/en/local/dev-guide,auto_collected,,"source_query=숭실대학교 중앙도서관; category=교육,학문 > 학습시설 > 도서관"
kakao_1276128492,중앙대학교 의학도서관,숭실대학교,,서울 동작구 흑석동 340-4,37.5056051205112,126.959239454348,,,,,,,,http://place.map.kakao.com/1276128492,kakao_local_api,https://developers.kakao.com/docs/en/local/dev-guide,auto_collected,,"source_query=숭실대학교 중앙도서관; category=교육,학문 > 학습시설 > 도서관"
kakao_12631473,중앙대학교 법학전문도서관,숭실대학교,02-820-6566,서울 동작구 흑석로 84,37.50467675792393,126.95582330875442,,,,,,,,http://place.map.kakao.com/12631473,kakao_local_api,https://developers.kakao.com/docs/en/local/dev-guide,auto_collected,,"source_query=숭실대학교 중앙도서관; category=교육,학문 > 학습시설 > 도서관"
kakao_195496608,프린트카페 중앙대중앙도서관점,숭실대학교,1522-5044,서울 동작구 흑석로 84,37.504883902711,126.958057983014,,,,,,,,http://place.map.kakao.com/195496608,kakao_local_api,https://developers.kakao.com/docs/en/local/dev-guide,auto_collected,,"source_query=숭실대학교 중앙도서관; category=서비스,산업 > 인쇄,복사"
kakao_1710668532,숭실대학교 중앙도서관 전기차충전소,숭실대학교,,서울 동작구 상도로 369,37.496428698432915,126.9551575783168,,,,,,,,http://place.map.kakao.com/1710668532,kakao_local_api,https://developers.kakao.com/docs/en/local/dev-guide,auto_collected,,"source_query=숭실대학교 중앙도서관; category=교통,수송 > 자동차 > 전기차 충전소"
kakao_1643285382,숭실대학교 중앙도서관 전기차충전소,숭실대학교,,서울 동작구 상도로 369,37.496428698432915,126.9551575783168,,,,,,,,http://place.map.kakao.com/1643285382,kakao_local_api,https://developers.kakao.com/docs/en/local/dev-guide,auto_collected,,"source_query=숭실대학교 중앙도서관; category=교통,수송 > 자동차 > 전기차 충전소"
kakao_26775959,CU 중앙대2생활관점,숭실대학교,02-812-4262,서울 동작구 흑석로 84,37.50235062065009,126.95652133316356,,,,,,,,http://place.map.kakao.com/26775959,kakao_local_api,https://developers.kakao.com/docs/en/local/dev-guide,auto_collected,,"source_query=숭실대학교 생활관; category=가정,생활 > 편의점 > CU"
kakao_15581770,정캐터링 숭실대학교 제2생활관,숭실대학교,02-442-4201,서울 동작구 상도로 369,37.4950584079133,126.96060669618,,,,,,,,http://place.map.kakao.com/15581770,kakao_local_api,https://developers.kakao.com/docs/en/local/dev-guide,auto_collected,,"source_query=숭실대학교 생활관; category=서비스,산업 > 식품 > 식품서비스업"
kakao_393151237,숭실대학교 생활관 휴게실,숭실대학교,,서울 동작구 상도로 369,37.4950187016343,126.960421262387,,,,,,,,http://place.map.kakao.com/393151237,kakao_local_api,https://developers.kakao.com/docs/en/local/dev-guide,auto_collected,,"source_query=숭실대학교 생활관; category=교육,학문 > 학교부속시설"
kakao_1400342941,우리은행 365코너 숭실대학교지점(점외),숭실대학교,,서울 동작구 상도로 369,37.4964286984401,126.955157578317,,,,,,,,http://place.map.kakao.com/1400342941,kakao_local_api,https://developers.kakao.com/docs/en/local/dev-guide,auto_collected,,"source_query=숭실대학교 생활관; category=금융,보험 > 금융서비스 > 은행 > ATM"
kakao_23614746,숭실대학교 기숙사,숭실대학교,,서울 동작구 상도로 369,37.495099718145575,126.96020070929491,,,,,,,,http://place.map.kakao.com/23614746,kakao_local_api,https://developers.kakao.com/docs/en/local/dev-guide,auto_collected,,"source_query=숭실대학교 기숙사; category=부동산 > 주거시설 > 기숙사,기숙시설"
kakao_12628558,중앙대학교 서울캠퍼스 블루미르홀,숭실대학교,02-820-6672,서울 동작구 흑석로 84,37.502665245846,126.956997274914,,,,,,,,http://place.map.kakao.com/12628558,kakao_local_api,https://developers.kakao.com/docs/en/local/dev-guide,auto_collected,,"source_query=숭실대학교 기숙사; category=부동산 > 주거시설 > 기숙사,기숙시설"
kakao_8079386,중앙대학교 서울캠퍼스 글로벌하우스,숭실대학교,,서울 동작구 흑석로 84,37.5058863623945,126.954647502672,,,,,,,,http://place.map.kakao.com/8079386,kakao_local_api,https://developers.kakao.com/docs/en/local/dev-guide,auto_collected,,"source_query=숭실대학교 기숙사; category=부동산 > 주거시설 > 기숙사,기숙시설"
kakao_22398704,중앙대학교 퓨처하우스,숭실대학교,02-811-8917,서울 동작구 흑석로13마길 21,37.5086922396469,126.960047591316,,,,,,,,http://place.map.kakao.com/22398704,kakao_local_api,https://developers.kakao.com/docs/en/local/dev-guide,auto_collected,,"source_query=숭실대학교 기숙사; category=부동산 > 주거시설 > 기숙사,기숙시설"
kakao_1723064648,숭실대학교 에벤에셀하우스기숙사,숭실대학교,,서울 동작구 상도로31길 47,37.5068631458467,126.946277514522,,,,,,,,http://place.map.kakao.com/1723064648,kakao_local_api,https://developers.kakao.com/docs/en/local/dev-guide,auto_collected,,"source_query=숭실대학교 기숙사; category=부동산 > 주거시설 > 기숙사,기숙시설"
kakao_198119321,발도스커피 중앙대기숙사점,숭실대학교,,서울 동작구 흑석로 84,37.502621990988,126.956979204751,,,,,,,,http://place.map.kakao.com/198119321,kakao_local_api,https://developers.kakao.com/docs/en/local/dev-guide,auto_collected,,source_query=숭실대학교 기숙사; category=음식점 > 카페 > 발도스커피
kakao_17565593,총신대학교 여자기숙사,숭실대학교,,서울 동작구 사당로 143,37.48794775587757,126.96679091552522,,,,,,,,http://place.map.kakao.com/17565593,kakao_local_api,https://developers.kakao.com/docs/en/local/dev-guide,auto_collected,,"source_query=숭실대학교 기숙사; category=교육,학문 > 학교부속시설"
kakao_17560789,총신대학교 남자기숙사,숭실대학교,,서울 동작구 사당로 143,37.48822259973423,126.96692082649601,,,,,,,,http://place.map.kakao.com/17560789,kakao_local_api,https://developers.kakao.com/docs/en/local/dev-guide,auto_collected,,"source_query=숭실대학교 기숙사; category=교육,학문 > 학교부속시설"
kakao_21267662,구암지구대,숭실대학교,02-870-0850,서울 관악구 은천로 93,37.4871611068151,126.94490651575671,,,,,,,,http://place.map.kakao.com/21267662,kakao_local_api,https://developers.kakao.com/docs/en/local/dev-guide,auto_collected,,"source_query=숭실대학교 경찰서; category=사회,공공기관 > 행정기관 > 경찰서 > 지구대"
kakao_1266238447,서울경찰청 유실물센터,연세대학교,02-700-2976,서울 서대문구 연희로11나길 32,37.5684460589558,126.928439375578,,,,,,,,http://place.map.kakao.com/1266238447,kakao_local_api,https://developers.kakao.com/docs/en/local/dev-guide,auto_collected,,"source_query=연세대학교 유실물; category=사회,공공기관 > 행정기관"
kakao_18121360,연세대학교 장애학생지원센터,연세대학교,02-2123-3633,서울 서대문구 연세로 50,37.5634240742752,126.938313946743,,,,,,,,http://place.map.kakao.com/18121360,kakao_local_api,https://developers.kakao.com/docs/en/local/dev-guide,auto_collected,,"source_query=연세대학교 학생지원센터; category=교육,학문 > 학교부속시설"
kakao_8476383,연세대학교 종합서비스센터,연세대학교,02-2123-3202,서울 서대문구 연세로 50,37.56640478605068,126.93873029157832,,,,,,,,http://place.map.kakao.com/8476383,kakao_local_api,https://developers.kakao.com/docs/en/local/dev-guide,auto_collected,,"source_query=연세대학교 종합서비스센터; category=교육,학문 > 학교부속시설"
kakao_431295925,서울시사회서비스원 서대문종합재가센터,연세대학교,,서울 서대문구 연희로 142,37.5699339755267,126.93370832306,,,,,,,,http://place.map.kakao.com/431295925,kakao_local_api,https://developers.kakao.com/docs/en/local/dev-guide,auto_collected,,"source_query=연세대학교 종합서비스센터; category=사회,공공기관 > 단체,협회 > 사회복지시설"
kakao_10750162,이화여자대학교 정문경비실,연세대학교,02-3277-4801,서울 서대문구 이화여대길 52,37.563594853009214,126.94476312526892,,,,,,,,http://place.map.kakao.com/10750162,kakao_local_api,https://developers.kakao.com/docs/en/local/dev-guide,auto_collected,,"source_query=연세대학교 경비실; category=교육,학문 > 학교부속시설"
kakao_23891194,성원상떼빌팰리스아파트 경비실,연세대학교,,서울 서대문구 연희로28길 35-28,37.5761138426917,126.938602340568,,,,,,,,http://place.map.kakao.com/23891194,kakao_local_api,https://developers.kakao.com/docs/en/local/dev-guide,auto_collected,,"source_query=연세대학교 경비실; category=서비스,산업 > 관리,운영 > 건물관리사무소"
kakao_26773283,연세대학교 경비실,연세대학교,,서울 서대문구 연세로 50,37.560370583795724,126.93658819360887,,,,,,,,http://place.map.kakao.com/26773283,kakao_local_api,https://developers.kakao.com/docs/en/local/dev-guide,auto_collected,,"source_query=연세대학교 경비실; category=서비스,산업 > 관리,운영 > 건물관리사무소"
kakao_26450620,대림아파트 경비실,연세대학교,,서울 서대문구 연희로32길 20,37.5759649048355,126.93638365689,,,,,,,,http://place.map.kakao.com/26450620,kakao_local_api,https://developers.kakao.com/docs/en/local/dev-guide,auto_collected,,"source_query=연세대학교 경비실; category=서비스,산업 > 관리,운영 > 건물관리사무소"
kakao_17559804,연세대학교 중앙도서관,연세대학교,02-2123-6100,서울 서대문구 연세로 50,37.56376396345552,126.93701202839732,,,,,,,,http://place.map.kakao.com/17559804,kakao_local_api,https://developers.kakao.com/docs/en/local/dev-guide,auto_collected,,"source_query=연세대학교 중앙도서관; category=교육,학문 > 학습시설 > 도서관"
kakao_8476510,연세대학교 신촌캠퍼스 학술문화처 도서관,연세대학교,02-2123-6100,서울 서대문구 연세로 50,37.563815285779896,126.93694746916778,,,,,,,,http://place.map.kakao.com/8476510,kakao_local_api,https://developers.kakao.com/docs/en/local/dev-guide,auto_collected,,"source_query=연세대학교 중앙도서관; category=교육,학문 > 학습시설 > 도서관"
kakao_1474884144,CU 연세대중앙도서관점,연세대학교,,서울 서대문구 연세로 50,37.56387205274105,126.93695534435058,,,,,,,,http://place.map.kakao.com/1474884144,kakao_local_api,https://developers.kakao.com/docs/en/local/dev-guide,auto_collected,,"source_query=연세대학교 중앙도서관; category=가정,생활 > 편의점 > CU"
kakao_17567423,연세대학교 무악학사4학사,연세대학교,02-2123-8419,서울 서대문구 연세로 50,37.5735300190403,126.939043680599,,,,,,,,http://place.map.kakao.com/17567423,kakao_local_api,https://developers.kakao.com/docs/en/local/dev-guide,auto_collected,,"source_query=연세대학교 생활관; category=부동산 > 주거시설 > 기숙사,기숙시설"
kakao_27179048,연세대학교 신촌캠퍼스 우정원,연세대학교,02-2123-8419,서울 서대문구 연세로 50,37.5707840228003,126.93950323267,,,,,,,,http://place.map.kakao.com/27179048,kakao_local_api,https://developers.kakao.com/docs/en/local/dev-guide,auto_collected,,"source_query=연세대학교 기숙사; category=부동산 > 주거시설 > 기숙사,기숙시설"
kakao_55198681,연세대학교 SK글로벌하우스,연세대학교,,서울 서대문구 연세로 50,37.565679444069204,126.9440960357966,,,,,,,,http://place.map.kakao.com/55198681,kakao_local_api,https://developers.kakao.com/docs/en/local/dev-guide,auto_collected,,"source_query=연세대학교 기숙사; category=부동산 > 주거시설 > 기숙사,기숙시설"
kakao_17558465,연세대학교 제중학사,연세대학교,,서울 서대문구 연세로 50,37.5655210429803,126.944465148951,,,,,,,,http://place.map.kakao.com/17558465,kakao_local_api,https://developers.kakao.com/docs/en/local/dev-guide,auto_collected,,"source_query=연세대학교 기숙사; category=부동산 > 주거시설 > 기숙사,기숙시설"
kakao_1833944241,연세대학교 에비슨하우스,연세대학교,,서울 서대문구 연세로 50,37.56530377652864,126.94419705407746,,,,,,,,http://place.map.kakao.com/1833944241,kakao_local_api,https://developers.kakao.com/docs/en/local/dev-guide,auto_collected,,"source_query=연세대학교 기숙사; category=부동산 > 주거시설 > 기숙사,기숙시설"
kakao_1439861232,이화여자대학교 이하우스,연세대학교,,서울 서대문구 이화여대길 52,37.56623904308968,126.9503210495104,,,,,,,,http://place.map.kakao.com/1439861232,kakao_local_api,https://developers.kakao.com/docs/en/local/dev-guide,auto_collected,,"source_query=연세대학교 기숙사; category=부동산 > 주거시설 > 기숙사,기숙시설"
kakao_17559727,연세대학교 무악학사2학사,연세대학교,,서울 서대문구 연세로 50,37.57446884982913,126.93903272717615,,,,,,,,http://place.map.kakao.com/17559727,kakao_local_api,https://developers.kakao.com/docs/en/local/dev-guide,auto_collected,,"source_query=연세대학교 기숙사; category=부동산 > 주거시설 > 기숙사,기숙시설"
kakao_10932953,한국한성화교중고등학교 기숙사,연세대학교,,서울 서대문구 연희로 176,37.5723543748094,126.937613804442,,,,,,,,http://place.map.kakao.com/10932953,kakao_local_api,https://developers.kakao.com/docs/en/local/dev-guide,auto_collected,,"source_query=연세대학교 기숙사; category=부동산 > 주거시설 > 기숙사,기숙시설"
kakao_57629737,이화여자대학교 이하우스 202동,연세대학교,,서울 서대문구 이화여대길 52,37.56595061942735,126.95007222473237,,,,,,,,http://place.map.kakao.com/57629737,kakao_local_api,https://developers.kakao.com/docs/en/local/dev-guide,auto_collected,,"source_query=연세대학교 기숙사; category=부동산 > 주거시설 > 기숙사,기숙시설"
kakao_1645322567,양양학사,연세대학교,070-8670-2163,서울 서대문구 이화여대7길 36,37.5587937565945,126.943523970734,,,,,,,,http://place.map.kakao.com/1645322567,kakao_local_api,https://developers.kakao.com/docs/en/local/dev-guide,auto_collected,,"source_query=연세대학교 기숙사; category=부동산 > 주거시설 > 기숙사,기숙시설"
kakao_8009534,연희파출소,연세대학교,02-335-8304,서울 서대문구 연희로25길 73,37.570279486769,126.932874895907,,,,,,,,http://place.map.kakao.com/8009534,kakao_local_api,https://developers.kakao.com/docs/en/local/dev-guide,auto_collected,,"source_query=연세대학교 경찰서; category=사회,공공기관 > 행정기관 > 경찰서 > 파출소"
kakao_9106619,신촌지구대,연세대학교,02-335-8302,서울 서대문구 신촌역로 22,37.558550241684,126.943012589799,,,,,,,,http://place.map.kakao.com/9106619,kakao_local_api,https://developers.kakao.com/docs/en/local/dev-guide,auto_collected,,"source_query=연세대학교 경찰서; category=사회,공공기관 > 행정기관 > 경찰서 > 지구대"
kakao_7904518,북아현치안센터,연세대학교,,서울 서대문구 북아현로 59-1,37.5624514727764,126.955378359506,,,,,,,,http://place.map.kakao.com/7904518,kakao_local_api,https://developers.kakao.com/docs/en/local/dev-guide,auto_collected,,"source_query=연세대학교 경찰서; category=사회,공공기관 > 행정기관 > 경찰서 > 치안센터"
kakao_424178464,청량종합도매시장 고객센터 화장실,고려대학교,,서울 동대문구 경동시장로 30-7,37.5819197295583,127.040870043463,,,,,,,,http://place.map.kakao.com/424178464,kakao_local_api,https://developers.kakao.com/docs/en/local/dev-guide,auto_collected,,"source_query=고려대학교 종합서비스센터; category=가정,생활 > 화장실"
kakao_9169493,서울특별시동부병원 총무팀,고려대학교,02-920-9201,서울 동대문구 무학로 124,37.5753399337838,127.031520370222,,,,,,,,http://place.map.kakao.com/9169493,kakao_local_api,https://developers.kakao.com/docs/en/local/dev-guide,auto_collected,,"source_query=고려대학교 총무팀; category=의료,건강 > 병원부속시설"
kakao_840726995,성신여자대학교 돈암수정캠퍼스 중문경비실,고려대학교,,서울 성북구 보문로34다길 2,37.590950864697646,127.02219590788195,,,,,,,,http://place.map.kakao.com/840726995,kakao_local_api,https://developers.kakao.com/docs/en/local/dev-guide,auto_collected,,"source_query=고려대학교 경비실; category=서비스,산업 > 관리,운영 > 건물관리사무소"
kakao_364740556,종암SK아파트 102동 경비실,고려대학교,,서울 성북구 종암로24가길 53,37.60114482374322,127.03619118445316,,,,,,,,http://place.map.kakao.com/364740556,kakao_local_api,https://developers.kakao.com/docs/en/local/dev-guide,auto_collected,,"source_query=고려대학교 경비실; category=서비스,산업 > 관리,운영 > 건물관리사무소"
kakao_23883993,고려대학교 서울캠퍼스 중앙도서관,고려대학교,02-3290-1492,서울 성북구 안암로 145,37.5908002633546,127.03409940361,,,,,,,,http://place.map.kakao.com/23883993,kakao_local_api,https://developers.kakao.com/docs/en/local/dev-guide,auto_collected,,"source_query=고려대학교 중앙도서관; category=교육,학문 > 학습시설 > 도서관"
kakao_1975971033,고려대학교 일반대학원,고려대학교,02-3290-5146,서울 성북구 안암로 145,37.5899571814423,127.033233975479,,,,,,,,http://place.map.kakao.com/1975971033,kakao_local_api,https://developers.kakao.com/docs/en/local/dev-guide,auto_collected,,"source_query=고려대학교 중앙도서관; category=교육,학문 > 학교 > 대학원"
kakao_1629256133,이마트24 고대중앙도서관점,고려대학교,,서울 성북구 안암로 145,37.5908849389296,127.034160584818,,,,,,,,http://place.map.kakao.com/1629256133,kakao_local_api,https://developers.kakao.com/docs/en/local/dev-guide,auto_collected,,"source_query=고려대학교 중앙도서관; category=가정,생활 > 편의점 > 이마트24"
kakao_532829092,고려대학교 서울캠퍼스 애기능생활관 학생식당,고려대학교,02-3290-4351,서울 성북구 안암로 145,37.58443737551204,127.02748914364248,,,,,,,,http://place.map.kakao.com/532829092,kakao_local_api,https://developers.kakao.com/docs/en/local/dev-guide,auto_collected,,source_query=고려대학교 생활관; category=음식점 > 구내식당
kakao_17567839,고려대학교 체육생활관,고려대학교,,서울 성북구 종암로 13,37.5921405730062,127.035345532981,,,,,,,,http://place.map.kakao.com/17567839,kakao_local_api,https://developers.kakao.com/docs/en/local/dev-guide,auto_collected,,"source_query=고려대학교 생활관; category=교육,학문 > 학교부속시설"
kakao_933806302,동덕여자대학교 제2생활관,고려대학교,02-940-4913,서울 성북구 종암로 123,37.600992541567095,127.03317546799266,,,,,,,,http://place.map.kakao.com/933806302,kakao_local_api,https://developers.kakao.com/docs/en/local/dev-guide,auto_collected,,"source_query=고려대학교 생활관; category=부동산 > 주거시설 > 기숙사,기숙시설"
kakao_17565411,고려대학교 애기능생활관,고려대학교,,서울 성북구 안암로 145,37.5844626117563,127.027452923397,,,,,,,,http://place.map.kakao.com/17565411,kakao_local_api,https://developers.kakao.com/docs/en/local/dev-guide,auto_collected,,"source_query=고려대학교 생활관; category=교육,학문 > 학교부속시설"
kakao_26440587,대광고등학교 생활관,고려대학교,,서울 동대문구 안암로 6,37.5785452963478,127.0256258328,,,,,,,,http://place.map.kakao.com/26440587,kakao_local_api,https://developers.kakao.com/docs/en/local/dev-guide,auto_collected,,"source_query=고려대학교 생활관; category=부동산 > 주거시설 > 기숙사,기숙시설"
kakao_2086523497,고대빵 본점,고려대학교,02-3290-4065,서울 성북구 안암로 145,37.584331950617035,127.02752646650933,,,,,,,,http://place.map.kakao.com/2086523497,kakao_local_api,https://developers.kakao.com/docs/en/local/dev-guide,auto_collected,,"source_query=고려대학교 생활관; category=음식점 > 간식 > 제과,베이커리"
kakao_401439124,삼성웰스토리 고대애기능학생식당,고려대학교,02-3290-4351,서울 성북구 안암로 145,37.5844554151238,127.027404237334,,,,,,,,http://place.map.kakao.com/401439124,kakao_local_api,https://developers.kakao.com/docs/en/local/dev-guide,auto_collected,,"source_query=고려대학교 생활관; category=서비스,산업 > 식품 > 식품서비스업"
kakao_1170826569,커피앤,고려대학교,02-3290-4351,서울 성북구 안암로 145,37.58446441321,127.027455188404,,,,,,,,http://place.map.kakao.com/1170826569,kakao_local_api,https://developers.kakao.com/docs/en/local/dev-guide,auto_collected,,source_query=고려대학교 생활관; category=음식점 > 카페
kakao_13723619,고려대학교 뇌영상센터,고려대학교,02-3290-3890,서울 성북구 안암로 145,37.58442837612447,127.02744385344748,,,,,,,,http://place.map.kakao.com/13723619,kakao_local_api,https://developers.kakao.com/docs/en/local/dev-guide,auto_collected,,"source_query=고려대학교 생활관; category=교육,학문 > 학교부속시설"
kakao_2034638120,케이유융합소프트웨어연구센터,고려대학교,,서울 성북구 안암로 145,37.5844527124073,127.027403104171,,,,,,,,http://place.map.kakao.com/2034638120,kakao_local_api,https://developers.kakao.com/docs/en/local/dev-guide,auto_collected,,"source_query=고려대학교 생활관; category=서비스,산업 > 인터넷,IT > 소프트웨어"
kakao_22282053,고려대학교 안암글로벌하우스,고려대학교,02-3290-1555,서울 성북구 안암로 145,37.591364683924226,127.02925351468936,,,,,,,,http://place.map.kakao.com/22282053,kakao_local_api,https://developers.kakao.com/docs/en/local/dev-guide,auto_collected,,"source_query=고려대학교 기숙사; category=부동산 > 주거시설 > 기숙사,기숙시설"
kakao_21339401,제천학사,고려대학교,02-921-2940,서울 성북구 안암로9가길 57,37.5821741287266,127.027279998069,,,,,,,,http://place.map.kakao.com/21339401,kakao_local_api,https://developers.kakao.com/docs/en/local/dev-guide,auto_collected,,"source_query=고려대학교 기숙사; category=부동산 > 주거시설 > 기숙사,기숙시설"
kakao_26303171,서울포항학사,고려대학교,02-921-5245,서울 동대문구 무학로 200,37.5821122111707,127.02996087606,,,,,,,,http://place.map.kakao.com/26303171,kakao_local_api,https://developers.kakao.com/docs/en/local/dev-guide,auto_collected,,"source_query=고려대학교 기숙사; category=부동산 > 주거시설 > 기숙사,기숙시설"
kakao_258477167,재경포항학사,고려대학교,02-921-5245,서울 동대문구 무학로 200,37.5820365300195,127.029951788644,,,,,,,,http://place.map.kakao.com/258477167,kakao_local_api,https://developers.kakao.com/docs/en/local/dev-guide,auto_collected,,"source_query=고려대학교 기숙사; category=부동산 > 주거시설 > 기숙사,기숙시설"
kakao_587404048,가평장학관,고려대학교,,서울 성북구 안암로9가길 73,37.582401024423,127.02794125146538,,,,,,,,http://place.map.kakao.com/587404048,kakao_local_api,https://developers.kakao.com/docs/en/local/dev-guide,auto_collected,,"source_query=고려대학교 기숙사; category=부동산 > 주거시설 > 기숙사,기숙시설"
kakao_10475685,성신여자대학교 성미료,고려대학교,02-920-7343,서울 성북구 보문로30가길 41-39,37.5905940800986,127.022151643569,,,,,,,,http://place.map.kakao.com/10475685,kakao_local_api,https://developers.kakao.com/docs/en/local/dev-guide,auto_collected,,"source_query=고려대학교 기숙사; category=부동산 > 주거시설 > 기숙사,기숙시설"
kakao_1188727932,성신여자대학교 성미관,고려대학교,,서울 성북구 보문로34가길 17,37.5923874633116,127.019853620886,,,,,,,,http://place.map.kakao.com/1188727932,kakao_local_api,https://developers.kakao.com/docs/en/local/dev-guide,auto_collected,,"source_query=고려대학교 기숙사; category=부동산 > 주거시설 > 기숙사,기숙시설"
kakao_26184518,서울구미학숙,고려대학교,02-6959-9103,서울 성북구 보문로32길 30,37.5898379515601,127.018007369456,,,,,,,,http://place.map.kakao.com/26184518,kakao_local_api,https://developers.kakao.com/docs/en/local/dev-guide,auto_collected,,"source_query=고려대학교 기숙사; category=부동산 > 주거시설 > 기숙사,기숙시설"
kakao_21268327,서울동대문경찰서,고려대학교,02-968-0112,서울 동대문구 약령시로21길 29,37.5850804205685,127.045762797538,,,,,,,,http://place.map.kakao.com/21268327,kakao_local_api,https://developers.kakao.com/docs/en/local/dev-guide,auto_collected,,"source_query=고려대학교 경찰서; category=사회,공공기관 > 행정기관 > 경찰서"
kakao_572822781,서울종암경찰서,고려대학교,182,서울 성북구 종암로 137,37.60202348733786,127.0324103972117,,,,,,,,http://place.map.kakao.com/572822781,kakao_local_api,https://developers.kakao.com/docs/en/local/dev-guide,auto_collected,,"source_query=고려대학교 경찰서; category=사회,공공기관 > 행정기관 > 경찰서"
kakao_7942210,서울성북경찰서,고려대학교,182,서울 성북구 보문로 170,37.58976252818428,127.0162138625881,,,,,,,,http://place.map.kakao.com/7942210,kakao_local_api,https://developers.kakao.com/docs/en/local/dev-guide,auto_collected,,"source_query=고려대학교 경찰서; category=사회,공공기관 > 행정기관 > 경찰서"
kakao_8075421,제기파출소,고려대학교,02-961-4304,서울 동대문구 약령시로17길 59-11,37.585561138103,127.042026867287,,,,,,,,http://place.map.kakao.com/8075421,kakao_local_api,https://developers.kakao.com/docs/en/local/dev-guide,auto_collected,,"source_query=고려대학교 경찰서; category=사회,공공기관 > 행정기관 > 경찰서 > 파출소"
kakao_21267659,종암파출소,고려대학교,02-3396-7690,서울 성북구 종암로23길 52,37.60009567675597,127.03126356250864,,,,,,,,http://place.map.kakao.com/21267659,kakao_local_api,https://developers.kakao.com/docs/en/local/dev-guide,auto_collected,,"source_query=고려대학교 경찰서; category=사회,공공기관 > 행정기관 > 경찰서 > 파출소"
kakao_1757243924,청량리파출소,고려대학교,02-961-4303,서울 동대문구 약령시로21길 15,37.58408952045192,127.0452640374931,,,,,,,,http://place.map.kakao.com/1757243924,kakao_local_api,https://developers.kakao.com/docs/en/local/dev-guide,auto_collected,,"source_query=고려대학교 경찰서; category=사회,공공기관 > 행정기관 > 경찰서 > 파출소"
kakao_21264956,안암지구대,고려대학교,02-920-1820,서울 성북구 지봉로21길 45,37.58672072369921,127.01659815312347,,,,,,,,http://place.map.kakao.com/21264956,kakao_local_api,https://developers.kakao.com/docs/en/local/dev-guide,auto_collected,,"source_query=고려대학교 경찰서; category=사회,공공기관 > 행정기관 > 경찰서 > 지구대"
kakao_27540536,서울종암경찰서 종암교통센터,고려대학교,02-3396-7633,서울 성북구 종암로 45,37.5944253884375,127.0356772521,,,,,,,,http://place.map.kakao.com/27540536,kakao_local_api,https://developers.kakao.com/docs/en/local/dev-guide,auto_collected,,"source_query=고려대학교 경찰서; category=사회,공공기관 > 행정기관부속시설"
kakao_8256332,서울동대문경찰서 민원실,고려대학교,02-961-4324,서울 동대문구 약령시로21길 29,37.5851344678433,127.045794531742,,,,,,,,http://place.map.kakao.com/8256332,kakao_local_api,https://developers.kakao.com/docs/en/local/dev-guide,auto_collected,,"source_query=고려대학교 경찰서; category=사회,공공기관 > 행정기관부속시설"
kakao_15141347,동대문경찰서교차로,고려대학교,,서울 동대문구 청량리동,37.5831492615295,127.044267173807,,,,,,,,http://place.map.kakao.com/15141347,kakao_local_api,https://developers.kakao.com/docs/en/local/dev-guide,auto_collected,,"source_query=고려대학교 경찰서; category=교통,수송 > 도로시설 > 교차로"
kakao_1875767410,분당선 왕십리역 유실물센터,한양대학교,,서울 성동구 왕십리광장로 17,37.5606443331455,127.038784939472,,,,,,,,http://place.map.kakao.com/1875767410,kakao_local_api,https://developers.kakao.com/docs/en/local/dev-guide,auto_collected,,"source_query=한양대학교 유실물; category=서비스,산업 > 관리,운영 > 기차역관리운영"
kakao_1316730772,"서울교통공사 5,8호선 왕십리역유실물센터",한양대학교,02-6311-6765,서울 성동구 왕십리로 지하 300,37.5612162476246,127.036648358303,,,,,,,,http://place.map.kakao.com/1316730772,kakao_local_api,https://developers.kakao.com/docs/en/local/dev-guide,auto_collected,,"source_query=한양대학교 유실물; category=서비스,산업 > 관리,운영 > 기차역관리운영"
kakao_979737139,닛산 인피니티 성수서비스센터,한양대학교,02-460-9999,서울 성동구 왕십리로 130,37.54919414862799,127.04474500635311,,,,,,,,http://place.map.kakao.com/979737139,kakao_local_api,https://developers.kakao.com/docs/en/local/dev-guide,auto_collected,,"source_query=한양대학교 종합서비스센터; category=교통,수송 > 자동차 > 자동차정비"
kakao_24065543,금강아미움 경비실,한양대학교,,서울 성동구 아차산로9길 34,37.5469046097576,127.059291542724,,,,,,,,http://place.map.kakao.com/24065543,kakao_local_api,https://developers.kakao.com/docs/en/local/dev-guide,auto_collected,,"source_query=한양대학교 경비실; category=서비스,산업 > 관리,운영 > 건물관리사무소"
kakao_17563511,한양대학교 제2학생생활관,한양대학교,02-2220-1471,서울 성동구 살곶이길 188,37.559832897078174,127.04982522620817,,,,,,,,http://place.map.kakao.com/17563511,kakao_local_api,https://developers.kakao.com/docs/en/local/dev-guide,auto_collected,,"source_query=한양대학교 생활관; category=부동산 > 주거시설 > 기숙사,기숙시설"
kakao_40614975,한양대학교 제2학생생활관 학생식당,한양대학교,02-2220-1471,서울 성동구 살곶이길 188,37.5597337458472,127.049923626636,,,,,,,,http://place.map.kakao.com/40614975,kakao_local_api,https://developers.kakao.com/docs/en/local/dev-guide,auto_collected,,source_query=한양대학교 생활관; category=음식점 > 구내식당
kakao_1249685398,CU 한양대2생활관점,한양대학교,02-2281-5715,서울 성동구 살곶이길 188,37.5597932890175,127.049740314892,,,,,,,,http://place.map.kakao.com/1249685398,kakao_local_api,https://developers.kakao.com/docs/en/local/dev-guide,auto_collected,,"source_query=한양대학교 생활관; category=가정,생활 > 편의점 > CU"
kakao_17558427,한양대학교 제1학생생활관,한양대학교,02-2220-1471,서울 성동구 왕십리로 222,37.558936622543,127.047100419869,,,,,,,,http://place.map.kakao.com/17558427,kakao_local_api,https://developers.kakao.com/docs/en/local/dev-guide,auto_collected,,"source_query=한양대학교 생활관; category=교육,학문 > 학교부속시설"
kakao_1642217477,한양대학교 제7학생생활관,한양대학교,02-2220-1471,서울 성동구 살곶이2가길 51,37.56201776355689,127.04548610214573,,,,,,,,http://place.map.kakao.com/1642217477,kakao_local_api,https://developers.kakao.com/docs/en/local/dev-guide,auto_collected,,"source_query=한양대학교 생활관; category=부동산 > 주거시설 > 기숙사,기숙시설"
kakao_1520628162,한양대학교 서울캠퍼스 제5학생생활관,한양대학교,02-6216-1991,서울 성동구 왕십리로 222,37.5595751182813,127.0455977968,,,,,,,,http://place.map.kakao.com/1520628162,kakao_local_api,https://developers.kakao.com/docs/en/local/dev-guide,auto_collected,,"source_query=한양대학교 생활관; category=부동산 > 주거시설 > 기숙사,기숙시설"
kakao_1474254201,한양대학교 제6학생생활관,한양대학교,02-2220-1471,서울 성동구 살곶이2가길 49,37.562945728574235,127.04564512489169,,,,,,,,http://place.map.kakao.com/1474254201,kakao_local_api,https://developers.kakao.com/docs/en/local/dev-guide,auto_collected,,"source_query=한양대학교 생활관; category=부동산 > 주거시설 > 기숙사,기숙시설"
kakao_17565795,한양대학교 제3학생생활관,한양대학교,02-2220-1471,서울 성동구 왕십리로 222,37.5596791680677,127.046788511176,,,,,,,,http://place.map.kakao.com/17565795,kakao_local_api,https://developers.kakao.com/docs/en/local/dev-guide,auto_collected,,"source_query=한양대학교 생활관; category=교육,학문 > 학교부속시설"
kakao_27191414,한양대학교 1학생생활관,한양대학교,02-2220-1471,서울 성동구 왕십리로 222,37.558976273618676,127.04708233623829,,,,,,,,http://place.map.kakao.com/27191414,kakao_local_api,https://developers.kakao.com/docs/en/local/dev-guide,auto_collected,,"source_query=한양대학교 생활관; category=부동산 > 주거시설 > 기숙사,기숙시설"
kakao_27209199,한양대학교 2학생생활관,한양대학교,,서울 성동구 살곶이길 188,37.55981493199439,127.04969505729821,,,,,,,,http://place.map.kakao.com/27209199,kakao_local_api,https://developers.kakao.com/docs/en/local/dev-guide,auto_collected,,"source_query=한양대학교 생활관; category=부동산 > 주거시설 > 기숙사,기숙시설"
kakao_23888782,한양대학교 게스트하우스,한양대학교,,서울 성동구 사근동10길 9,37.56086046003816,127.04880388121776,,,,,,,,http://place.map.kakao.com/23888782,kakao_local_api,https://developers.kakao.com/docs/en/local/dev-guide,auto_collected,,"source_query=한양대학교 기숙사; category=부동산 > 주거시설 > 기숙사,기숙시설"
kakao_408301191,247스타트업돔,한양대학교,,서울 성동구 왕십리로 222,37.5590483768227,127.047023528634,,,,,,,,http://place.map.kakao.com/408301191,kakao_local_api,https://developers.kakao.com/docs/en/local/dev-guide,auto_collected,,"source_query=한양대학교 기숙사; category=부동산 > 주거시설 > 기숙사,기숙시설"
kakao_17561801,한양대학교 한양테크노숙사,한양대학교,02-2220-1471,서울 성동구 살곶이길 188,37.55942736865962,127.0500139657117,,,,,,,,http://place.map.kakao.com/17561801,kakao_local_api,https://developers.kakao.com/docs/en/local/dev-guide,auto_collected,,"source_query=한양대학교 기숙사; category=부동산 > 주거시설 > 기숙사,기숙시설"
kakao_592585156,성동한양 상생학사,한양대학교,,서울 성동구 사근동길 59,37.5610664080653,127.047527324315,,,,,,,,http://place.map.kakao.com/592585156,kakao_local_api,https://developers.kakao.com/docs/en/local/dev-guide,auto_collected,,"source_query=한양대학교 기숙사; category=부동산 > 주거시설 > 기숙사,기숙시설"
kakao_11142540,서울성동경찰서,한양대학교,02-2298-0112,서울 성동구 왕십리광장로 9,37.5617947420747,127.036472076258,,,,,,,,http://place.map.kakao.com/11142540,kakao_local_api,https://developers.kakao.com/docs/en/local/dev-guide,auto_collected,,"source_query=한양대학교 경찰서; category=사회,공공기관 > 행정기관 > 경찰서"
kakao_9177959,한양지구대,한양대학교,02-2292-5975,서울 성동구 사근동길 5,37.5603297541362,127.041808965677,,,,,,,,http://place.map.kakao.com/9177959,kakao_local_api,https://developers.kakao.com/docs/en/local/dev-guide,auto_collected,,"source_query=한양대학교 경찰서; category=사회,공공기관 > 행정기관 > 경찰서 > 지구대"
kakao_21268147,용답파출소,한양대학교,02-2245-0189,서울 성동구 용답중앙길 49,37.5647875342925,127.051785537375,,,,,,,,http://place.map.kakao.com/21268147,kakao_local_api,https://developers.kakao.com/docs/en/local/dev-guide,auto_collected,,"source_query=한양대학교 경찰서; category=사회,공공기관 > 행정기관 > 경찰서 > 파출소"
kakao_21264844,성수지구대,한양대학교,02-463-0112,서울 성동구 광나루로2길 35,37.5482040121786,127.055241358305,,,,,,,,http://place.map.kakao.com/21264844,kakao_local_api,https://developers.kakao.com/docs/en/local/dev-guide,auto_collected,,"source_query=한양대학교 경찰서; category=사회,공공기관 > 행정기관 > 경찰서 > 지구대"
kakao_727739909,성수지구대,한양대학교,,서울 성동구 왕십리로5길 3,37.5464021027113,127.044349541785,,,,,,,,http://place.map.kakao.com/727739909,kakao_local_api,https://developers.kakao.com/docs/en/local/dev-guide,auto_collected,,"source_query=한양대학교 경찰서; category=사회,공공기관 > 행정기관 > 경찰서 > 지구대"
kakao_7814343,답십리1치안센터,한양대학교,02-2244-3285,서울 동대문구 고미술로 93,37.5646626875688,127.056810966418,,,,,,,,http://place.map.kakao.com/7814343,kakao_local_api,https://developers.kakao.com/docs/en/local/dev-guide,auto_collected,,"source_query=한양대학교 경찰서; category=사회,공공기관 > 행정기관 > 경찰서 > 치안센터"
kakao_846803977,뚝섬치안센터,한양대학교,,서울 성동구 왕십리로5길 3,37.54645977045623,127.0443393915707,,,,,,,,http://place.map.kakao.com/846803977,kakao_local_api,https://developers.kakao.com/docs/en/local/dev-guide,auto_collected,,"source_query=한양대학교 경찰서; category=사회,공공기관 > 행정기관 > 경찰서 > 치안센터"
kakao_9135549,서울성동경찰서 민원봉사실,한양대학교,02-2286-0300,서울 성동구 왕십리광장로 9,37.5617659241637,127.036426789046,,,,,,,,http://place.map.kakao.com/9135549,kakao_local_api,https://developers.kakao.com/docs/en/local/dev-guide,auto_collected,,"source_query=한양대학교 경찰서; category=사회,공공기관 > 행정기관부속시설"
kakao_214068153,서울성동경찰서 교통정보센터,한양대학교,02-2286-0218,서울 성동구 왕십리로 298,37.5608542558271,127.035969091807,,,,,,,,http://place.map.kakao.com/214068153,kakao_local_api,https://developers.kakao.com/docs/en/local/dev-guide,auto_collected,,"source_query=한양대학교 경찰서; category=사회,공공기관 > 행정기관부속시설"
kakao_26331281,성동경찰서 개방화장실,한양대학교,,서울 성동구 왕십리광장로 9,37.5617587371244,127.036358875807,,,,,,,,http://place.map.kakao.com/26331281,kakao_local_api,https://developers.kakao.com/docs/en/local/dev-guide,auto_collected,,"source_query=한양대학교 경찰서; category=가정,생활 > 화장실"
kakao_26335488,한양지구대 개방화장실,한양대학교,,서울 성동구 사근동길 5,37.5602865255217,127.0417546148,,,,,,,,http://place.map.kakao.com/26335488,kakao_local_api,https://developers.kakao.com/docs/en/local/dev-guide,auto_collected,,"source_query=한양대학교 지구대; category=가정,생활 > 화장실"
kakao_26334782,성수지구대 개방화장실,한양대학교,,서울 성동구 광나루로2길 35,37.5482148305107,127.0552277868,,,,,,,,http://place.map.kakao.com/26334782,kakao_local_api,https://developers.kakao.com/docs/en/local/dev-guide,auto_collected,,"source_query=한양대학교 지구대; category=가정,생활 > 화장실"
kakao_609455205,메가MGC커피 성수지구대점,한양대학교,02-464-6720,서울 성동구 성수일로12길 26,37.54801458727775,127.05375540004711,,,,,,,,http://place.map.kakao.com/609455205,kakao_local_api,https://developers.kakao.com/docs/en/local/dev-guide,auto_collected,,source_query=한양대학교 지구대; category=음식점 > 카페 > 커피전문점 > 메가MGC커피
kakao_1290200959,분실물 혼술바 서울홍대점,홍익대학교,010-5123-2747,서울 마포구 독막로 67-9,37.5481732502032,126.920794275677,,,,,,,,http://place.map.kakao.com/1290200959,kakao_local_api,https://developers.kakao.com/docs/en/local/dev-guide,auto_collected,,source_query=홍익대학교 분실물; category=음식점 > 술집 > 칵테일바
kakao_545774788,서강대학교 장애학생지원센터,홍익대학교,02-705-7800,서울 마포구 백범로 35,37.5505231185261,126.939131453367,,,,,,,,http://place.map.kakao.com/545774788,kakao_local_api,https://developers.kakao.com/docs/en/local/dev-guide,auto_collected,,"source_query=홍익대학교 학생지원센터; category=교육,학문 > 학교부속시설"
kakao_26439324,상수두산위브아파트 경비실,홍익대학교,,서울 마포구 독막로18길 5,37.5473492059891,126.924100582967,,,,,,,,http://place.map.kakao.com/26439324,kakao_local_api,https://developers.kakao.com/docs/en/local/dev-guide,auto_collected,,"source_query=홍익대학교 경비실; category=서비스,산업 > 관리,운영 > 건물관리사무소"
kakao_9605494,홍익대학교 중앙도서관,홍익대학교,02-320-1305,서울 마포구 와우산로 94,37.5512611893318,126.926713037278,,,,,,,,http://place.map.kakao.com/9605494,kakao_local_api,https://developers.kakao.com/docs/en/local/dev-guide,auto_collected,,"source_query=홍익대학교 중앙도서관; category=교육,학문 > 학습시설 > 도서관"
kakao_18937840,서울연희실용전문학교 생활관,홍익대학교,02-337-9900,서울 마포구 성미산로 65-5,37.5600184339016,126.915268728766,,,,,,,,http://place.map.kakao.com/18937840,kakao_local_api,https://developers.kakao.com/docs/en/local/dev-guide,auto_collected,,"source_query=홍익대학교 생활관; category=교육,학문 > 학교부속시설"
kakao_22803327,홍익대학교 제2기숙사,홍익대학교,02-320-2402,서울 마포구 와우산로 94,37.5494796485918,126.924854360345,,,,,,,,http://place.map.kakao.com/22803327,kakao_local_api,https://developers.kakao.com/docs/en/local/dev-guide,auto_collected,,"source_query=홍익대학교 기숙사; category=부동산 > 주거시설 > 기숙사,기숙시설"
kakao_9634538,홍익대학교 제1기숙사 (2028년 예정),홍익대학교,,서울 마포구 독막로 109,37.54820627706818,126.92586731040251,,,,,,,,http://place.map.kakao.com/9634538,kakao_local_api,https://developers.kakao.com/docs/en/local/dev-guide,auto_collected,,"source_query=홍익대학교 기숙사; category=부동산 > 주거시설 > 기숙사,기숙시설"
kakao_9102434,서강대학교 벨라르미노학사,홍익대학교,02-706-5116,서울 마포구 서강대길 18,37.549162248371076,126.94018498372014,,,,,,,,http://place.map.kakao.com/9102434,kakao_local_api,https://developers.kakao.com/docs/en/local/dev-guide,auto_collected,,"source_query=홍익대학교 기숙사; category=부동산 > 주거시설 > 기숙사,기숙시설"
kakao_422428829,홍익대학교 제3기숙사,홍익대학교,02-338-7440,서울 마포구 성미산로 55,37.5597581623188,126.914182496977,,,,,,,,http://place.map.kakao.com/422428829,kakao_local_api,https://developers.kakao.com/docs/en/local/dev-guide,auto_collected,,"source_query=홍익대학교 기숙사; category=부동산 > 주거시설 > 기숙사,기숙시설"
kakao_1524544298,사이공감 서강아루페홀,홍익대학교,,서울 마포구 독막로29길 25,37.548229427266826,126.93788287370215,,,,,,,,http://place.map.kakao.com/1524544298,kakao_local_api,https://developers.kakao.com/docs/en/local/dev-guide,auto_collected,,"source_query=홍익대학교 기숙사; category=부동산 > 주거시설 > 기숙사,기숙시설"
kakao_1155572741,광성고등학교 기숙사,홍익대학교,,서울 마포구 신수로8길 20,37.5482128333121,126.937172227583,,,,,,,,http://place.map.kakao.com/1155572741,kakao_local_api,https://developers.kakao.com/docs/en/local/dev-guide,auto_collected,,"source_query=홍익대학교 기숙사; category=부동산 > 주거시설 > 기숙사,기숙시설"
kakao_2120508703,나이스파크 홍익대학교 제3기숙사 주차장,홍익대학교,,서울 마포구 성미산로 55,37.5594419505475,126.914234922156,,,,,,,,http://place.map.kakao.com/2120508703,kakao_local_api,https://developers.kakao.com/docs/en/local/dev-guide,auto_collected,,"source_query=홍익대학교 기숙사; category=교통,수송 > 교통시설 > 주차장"
kakao_1120343961,이마트24 R홍대기숙사점,홍익대학교,070-7723-4165,서울 마포구 와우산로 94,37.54948504665585,126.9248419068511,,,,,,,,http://place.map.kakao.com/1120343961,kakao_local_api,https://developers.kakao.com/docs/en/local/dev-guide,auto_collected,,"source_query=홍익대학교 기숙사; category=가정,생활 > 편의점 > 이마트24"
kakao_1477938263,맘스터치 홍대기숙사점,홍익대학교,02-325-0712,서울 마포구 와우산로 94,37.5494939087381,126.924609911074,,,,,,,,http://place.map.kakao.com/1477938263,kakao_local_api,https://developers.kakao.com/docs/en/local/dev-guide,auto_collected,,source_query=홍익대학교 기숙사; category=음식점 > 패스트푸드 > 맘스터치
kakao_306737443,쏘카존 홍익대학교 제3기숙사 주차장,홍익대학교,,서울 마포구 성미산로 55,37.55943834656968,126.91423492628627,,,,,,,,http://place.map.kakao.com/306737443,kakao_local_api,https://developers.kakao.com/docs/en/local/dev-guide,auto_collected,,"source_query=홍익대학교 기숙사; category=교통,수송 > 교통시설 > 카셰어링 > 쏘카존"
kakao_21264726,연남파출소,홍익대학교,02-334-4974,서울 마포구 연남로 4,37.56033324540577,126.92373089467968,,,,,,,,http://place.map.kakao.com/21264726,kakao_local_api,https://developers.kakao.com/docs/en/local/dev-guide,auto_collected,,"source_query=홍익대학교 경찰서; category=사회,공공기관 > 행정기관 > 경찰서 > 파출소"
kakao_20561086,홍익지구대,홍익대학교,02-334-8150,서울 마포구 양화로11길 63,37.5518468107755,126.913367706775,,,,,,,,http://place.map.kakao.com/20561086,kakao_local_api,https://developers.kakao.com/docs/en/local/dev-guide,auto_collected,,"source_query=홍익대학교 경찰서; category=사회,공공기관 > 행정기관 > 경찰서 > 지구대"
kakao_8963843,서강지구대,홍익대학교,02-334-4975,서울 마포구 독막로22길 8,37.5473488385747,126.929315046367,,,,,,,,http://place.map.kakao.com/8963843,kakao_local_api,https://developers.kakao.com/docs/en/local/dev-guide,auto_collected,,"source_query=홍익대학교 경찰서; category=사회,공공기관 > 행정기관 > 경찰서 > 지구대"
kakao_23994358,동교치안센터,홍익대학교,,서울 마포구 신촌로2안길 27,37.55723779709587,126.92865833934768,,,,,,,,http://place.map.kakao.com/23994358,kakao_local_api,https://developers.kakao.com/docs/en/local/dev-guide,auto_collected,,"source_query=홍익대학교 경찰서; category=사회,공공기관 > 행정기관 > 경찰서 > 치안센터"
kakao_2036340759,노고산치안센터,홍익대학교,02-3149-6609,서울 마포구 신촌로18길 26,37.5544932501767,126.934698676361,,,,,,,,http://place.map.kakao.com/2036340759,kakao_local_api,https://developers.kakao.com/docs/en/local/dev-guide,auto_collected,,"source_query=홍익대학교 경찰서; category=사회,공공기관 > 행정기관 > 경찰서 > 치안센터"
